Workbook

Sheet opex_comp
B2: SEPTA Costs
C5: Operating Expenses | H5: Operating Expenses per Passenger Trip
C8: Post-CBTC | D8: Pre-CBTC | E8: Change | F8: Change | H8: Post-CBTC | I8: Pre-CBTC | J8: Change | K8: Change
C9: $ | D9: $ | E9: $ | F9: % | H9: $/pax | I9: $/pax | J9: $/pax | K9: %
B11: D1 | C11: =ROUND(delta_opex!C2, -5) -> 11400000 | D11: =ROUND(delta_opex!D2, -5) -> 9600000 | E11: =ROUND(delta_opex!E2, -5) -> 1800000 | F11: =delta_opex!F2 -> 0.18820427 | H11: =delta_opex!G2 -> 16.002024 | I11: =delta_opex!H2 -> 13.467401 | J11: =delta_opex!I2 -> 2.5346224 | K11: =delta_opex!J2 -> 0.18820427
B12: D2 | C12: =ROUND(delta_opex!C3, -5) -> 7200000 | D12: =ROUND(delta_opex!D3, -5) -> 5800000 | E12: =ROUND(delta_opex!E3, -5) -> 1400000 | F12: =delta_opex!F3 -> 0.23923737 | H12: =delta_opex!G3 -> 9.8807952 | I12: =delta_opex!H3 -> 7.9732869 | J12: =delta_opex!I3 -> 1.9075082 | K12: =delta_opex!J3 -> 0.23923737
B13: Total | C13: =ROUND(delta_opex!C4, -5) -> 18600000 | D13: =ROUND(delta_opex!D4, -5) -> 15400000 | E13: =ROUND(delta_opex!E4, -5) -> 3200000 | F13: =delta_opex!F4 -> 0.20746825 | H13: =delta_opex!G4 -> 12.90481 | I13: =delta_opex!H4 -> 10.687494 | J13: =delta_opex!I4 -> 2.2173157 | K13: =delta_opex!J4 -> 0.20746825

Sheet accessibility_comp
B2: Accessibility Comparison
B5: Origin Station | C5: Post-CBTC | D5: Pre-CBTC | E5: Change | F5: Change
C6: jobs | D6: jobs | E6: jobs | F6: %
B8: =jobs_comp!A2 -> Drexel Hill Junction | C8: =ROUND(jobs_comp!B2, -2) -> 43400 | D8: =ROUND(jobs_comp!C2, -2) -> 171500 | E8: =ROUND(jobs_comp!D2, -2) -> -128100 | F8: =jobs_comp!E2 -> -0.74690166
B9: =jobs_comp!A3 -> Orange St/Media | C9: =ROUND(jobs_comp!B3, -2) -> 28900 | D9: =ROUND(jobs_comp!C3, -2) -> 35000 | E9: =ROUND(jobs_comp!D3, -2) -> -6100 | F9: =jobs_comp!E3 -> -0.17439268
B10: =jobs_comp!A4 -> Sharon Hill | C10: =ROUND(jobs_comp!B4, -2) -> 38100 | D10: =ROUND(jobs_comp!C4, -2) -> 42400 | E10: =ROUND(jobs_comp!D4, -2) -> -4300 | F10: =jobs_comp!E4 -> -0.10216536
B11: =jobs_comp!A5 -> 69th St Transit Center | C11: =ROUND(jobs_comp!B5, -2) -> 545800 | D11: =ROUND(jobs_comp!C5, -2) -> 554800 | E11: =ROUND(jobs_comp!D5, -2) -> -9000 | F11: =jobs_comp!E5 -> -0.016235791

Sheet added_time_costs
B2: Added Time
C5: 7 minutes | D5: 9 minutes
C6: $ | D6: $
B8: Trip Premium | C8: =delta_time_costs_min!F2 -> 1.4525 | D8: =delta_time_costs_max!F2 -> 1.8675
B9: Cumulative Annual Premium | C9: =ROUND(SUM(delta_time_costs_min!I2:I3),-5) -> 2100000 | D9: =ROUND(SUM(delta_time_costs_max!I2:I3),-5) -> 2700000

Sheet full_length_comp
E2: Comparison of Full-Length Trips
A5: Line | B5: Start | C5: End | E5: Line | F5: Direction | G5: Post-CBTC | H5: Pre-CBTC | I5: Change | J5: Change
G6: minutes | H6: minutes | I6: minutes | J6: %
A8: D1 | B8: Orange St/Media | C8: 69th St Transit Center | E8: D1 | F8: Northbound | G8: =SUMIFS(route_shape_direction_comp!H:H, route_shape_direction_comp!$A:$A,$A8, route_shape_direction_comp!$C:$C,$B8, route_shape_direction_comp!$E:$E,$C8) -> 48.519737 | H8: =SUMIFS(route_shape_direction_comp!I:I, route_shape_direction_comp!$A:$A,$A8, route_shape_direction_comp!$C:$C,$B8, route_shape_direction_comp!$E:$E,$C8) -> 33.878289 | I8: =SUMIFS(route_shape_direction_comp!J:J, route_shape_direction_comp!$A:$A,$A8, route_shape_direction_comp!$C:$C,$B8, route_shape_direction_comp!$E:$E,$C8) -> 14.641447 | J8: =SUMIFS(route_shape_direction_comp!K:K, route_shape_direction_comp!$A:$A,$A8, route_shape_direction_comp!$C:$C,$B8, route_shape_direction_comp!$E:$E,$C8) -> 0.43217788
A9: D1 | B9: 69th St Transit Center | C9: Orange St/Media | E9: D1 | F9: Southbound | G9: =SUMIFS(route_shape_direction_comp!H:H, route_shape_direction_comp!$A:$A,$A9, route_shape_direction_comp!$C:$C,$B9, route_shape_direction_comp!$E:$E,$C9) -> 49.891447 | H9: =SUMIFS(route_shape_direction_comp!I:I, route_shape_direction_comp!$A:$A,$A9, route_shape_direction_comp!$C:$C,$B9, route_shape_direction_comp!$E:$E,$C9) -> 33.348684 | I9: =SUMIFS(route_shape_direction_comp!J:J, route_shape_direction_comp!$A:$A,$A9, route_shape_direction_comp!$C:$C,$B9, route_shape_direction_comp!$E:$E,$C9) -> 16.542763 | J9: =SUMIFS(route_shape_direction_comp!K:K, route_shape_direction_comp!$A:$A,$A9, route_shape_direction_comp!$C:$C,$B9, route_shape_direction_comp!$E:$E,$C9) -> 0.49605445
A10: D2 | B10: Chester Pike/Sharon Hill | C10: 69th St Transit Center | E10: D2 | F10: Northbound | G10: =SUMIFS(route_shape_direction_comp!H:H, route_shape_direction_comp!$A:$A,$A10, route_shape_direction_comp!$C:$C,$B10, route_shape_direction_comp!$E:$E,$C10) -> 36.347826 | H10: =SUMIFS(route_shape_direction_comp!I:I, route_shape_direction_comp!$A:$A,$A10, route_shape_direction_comp!$C:$C,$B10, route_shape_direction_comp!$E:$E,$C10) -> 25.597101 | I10: =SUMIFS(route_shape_direction_comp!J:J, route_shape_direction_comp!$A:$A,$A10, route_shape_direction_comp!$C:$C,$B10, route_shape_direction_comp!$E:$E,$C10) -> 10.750725 | J10: =SUMIFS(route_shape_direction_comp!K:K, route_shape_direction_comp!$A:$A,$A10, route_shape_direction_comp!$C:$C,$B10, route_shape_direction_comp!$E:$E,$C10) -> 0.41999774
A11: D2 | B11: 69th St Transit Center | C11: Chester Pike/Sharon Hill | E11: D2 | F11: Southbound | G11: =SUMIFS(route_shape_direction_comp!H:H, route_shape_direction_comp!$A:$A,$A11, route_shape_direction_comp!$C:$C,$B11, route_shape_direction_comp!$E:$E,$C11) -> 36.408696 | H11: =SUMIFS(route_shape_direction_comp!I:I, route_shape_direction_comp!$A:$A,$A11, route_shape_direction_comp!$C:$C,$B11, route_shape_direction_comp!$E:$E,$C11) -> 24.895652 | I11: =SUMIFS(route_shape_direction_comp!J:J, route_shape_direction_comp!$A:$A,$A11, route_shape_direction_comp!$C:$C,$B11, route_shape_direction_comp!$E:$E,$C11) -> 11.513043 | J11: =SUMIFS(route_shape_direction_comp!K:K, route_shape_direction_comp!$A:$A,$A11, route_shape_direction_comp!$C:$C,$B11, route_shape_direction_comp!$E:$E,$C11) -> 0.46245197
E14: Comparison of Full-Length Trips
E17: Line | F17: Direction | G17: Post-CBTC | H17: Pre-CBTC | I17: Change | J17: Change
G18: mph | H18: mph | I18: mph | J18: %
A20: D1 | B20: Orange St/Media | C20: 69th St Transit Center | E20: D1 | F20: Northbound | G20: =SUMIFS(route_shape_direction_comp!L:L, route_shape_direction_comp!$A:$A,$A20, route_shape_direction_comp!$C:$C,$B20, route_shape_direction_comp!$E:$E,$C20) -> 17.145894 | H20: =SUMIFS(route_shape_direction_comp!M:M, route_shape_direction_comp!$A:$A,$A20, route_shape_direction_comp!$C:$C,$B20, route_shape_direction_comp!$E:$E,$C20) -> 24.55597 | I20: =SUMIFS(route_shape_direction_comp!N:N, route_shape_direction_comp!$A:$A,$A20, route_shape_direction_comp!$C:$C,$B20, route_shape_direction_comp!$E:$E,$C20) -> -7.4100761 | J20: =SUMIFS(route_shape_direction_comp!O:O, route_shape_direction_comp!$A:$A,$A20, route_shape_direction_comp!$C:$C,$B20, route_shape_direction_comp!$E:$E,$C20) -> -0.30176271
A21: D1 | B21: 69th St Transit Center | C21: Orange St/Media | E21: D1 | F21: Southbound | G21: =SUMIFS(route_shape_direction_comp!L:L, route_shape_direction_comp!$A:$A,$A21, route_shape_direction_comp!$C:$C,$B21, route_shape_direction_comp!$E:$E,$C21) -> 16.690815 | H21: =SUMIFS(route_shape_direction_comp!M:M, route_shape_direction_comp!$A:$A,$A21, route_shape_direction_comp!$C:$C,$B21, route_shape_direction_comp!$E:$E,$C21) -> 24.970368 | I21: =SUMIFS(route_shape_direction_comp!N:N, route_shape_direction_comp!$A:$A,$A21, route_shape_direction_comp!$C:$C,$B21, route_shape_direction_comp!$E:$E,$C21) -> -8.2795529 | J21: =SUMIFS(route_shape_direction_comp!O:O, route_shape_direction_comp!$A:$A,$A21, route_shape_direction_comp!$C:$C,$B21, route_shape_direction_comp!$E:$E,$C21) -> -0.33157513
A22: D2 | B22: Chester Pike/Sharon Hill | C22: 69th St Transit Center | E22: D2 | F22: Northbound | G22: =SUMIFS(route_shape_direction_comp!L:L, route_shape_direction_comp!$A:$A,$A22, route_shape_direction_comp!$C:$C,$B22, route_shape_direction_comp!$E:$E,$C22) -> 13.977402 | H22: =SUMIFS(route_shape_direction_comp!M:M, route_shape_direction_comp!$A:$A,$A22, route_shape_direction_comp!$C:$C,$B22, route_shape_direction_comp!$E:$E,$C22) -> 19.847879 | I22: =SUMIFS(route_shape_direction_comp!N:N, route_shape_direction_comp!$A:$A,$A22, route_shape_direction_comp!$C:$C,$B22, route_shape_direction_comp!$E:$E,$C22) -> -5.8704771 | J22: =SUMIFS(route_shape_direction_comp!O:O, route_shape_direction_comp!$A:$A,$A22, route_shape_direction_comp!$C:$C,$B22, route_shape_direction_comp!$E:$E,$C22) -> -0.29577352
A23: D2 | B23: 69th St Transit Center | C23: Chester Pike/Sharon Hill | E23: D2 | F23: Southbound | G23: =SUMIFS(route_shape_direction_comp!L:L, route_shape_direction_comp!$A:$A,$A23, route_shape_direction_comp!$C:$C,$B23, route_shape_direction_comp!$E:$E,$C23) -> 13.976377 | H23: =SUMIFS(route_shape_direction_comp!M:M, route_shape_direction_comp!$A:$A,$A23, route_shape_direction_comp!$C:$C,$B23, route_shape_direction_comp!$E:$E,$C23) -> 20.43978 | I23: =SUMIFS(route_shape_direction_comp!N:N, route_shape_direction_comp!$A:$A,$A23, route_shape_direction_comp!$C:$C,$B23, route_shape_direction_comp!$E:$E,$C23) -> -6.4634029 | J23: =SUMIFS(route_shape_direction_comp!O:O, route_shape_direction_comp!$A:$A,$A23, route_shape_direction_comp!$C:$C,$B23, route_shape_direction_comp!$E:$E,$C23) -> -0.31621686

Sheet r_output >>

Sheet trip_comparison >

Sheet route_shape_direction_day_comp
A1: day_of_week | B1: route_id | C1: start | D1: start_name | E1: end | F1: end_name | G1: num_trips_per_day | H1: num_trips_per_week | I1: distance_mi | J1: avg_duration_min_new | K1: avg_duration_min_old | L1: avg_duration_min_diff | M1: avg_duration_min_diff_perc | N1: avg_speed_mph_new | O1: avg_speed_mph_old | P1: avg_speed_mph_diff | Q1: avg_speed_mph_diff_perc
A2: Weekday | B2: D1 | C2: 15497 | D2: 69th St Transit Center | E2: 1947 | F2: Orange St/Media | G2: 47 | H2: 235 | I2: 13.878815 | J2: 50.191489 | K2: 33.574468 | L2: 16.617021 | M2: 0.49493029 | N2: 16.591038 | O2: 24.802445 | P2: -8.2114073 | Q2: -0.33107249
A3: Weekday | B3: D1 | C3: 15497 | D3: 69th St Transit Center | E3: 1946 | F3: Providence Rd/Media | G3: 1 | H3: 5 | I3: 12.714802 | J3: 40 | K3: 23 | L3: 17 | M3: 0.73913043 | N3: 19.072203 | O3: 33.169048 | P3: -14.096846 | Q3: -0.425
A4: Weekday | B4: D1 | C4: 15497 | D4: 69th St Transit Center | E4: 1943 | F4: Woodland Av | G4: 3 | H4: 15 | I4: 8.8111203 | J4: 31.333333 | K4: 18.666667 | L4: 12.666667 | M4: 0.67857143 | N4: 16.872358 | O4: 28.321458 | P4: -11.4491 | Q4: -0.40425532
A5: Weekday | B5: D1 | C5: 1948 | D5: Orange St/Media | E5: 15497 | F5: 69th St Transit Center | G5: 47 | H5: 235 | I5: 13.865238 | J5: 48.93617 | K5: 34.06383 | L5: 14.87234 | M5: 0.43660212 | N5: 16.999987 | O5: 24.422217 | P5: -7.4222304 | Q5: -0.30391304
A6: Weekday | B6: D1 | C6: 1949 | D6: Providence Rd/Media | E6: 15497 | F6: 69th St Transit Center | G6: 1 | H6: 5 | I6: 12.701224 | J6: 38 | K6: 25 | L6: 13 | M6: 0.52 | N6: 20.054565 | O6: 30.482938 | P6: -10.428374 | Q6: -0.34210526
A7: Weekday | B7: D1 | C7: 1952 | D7: Woodland Av | E7: 15497 | F7: 69th St Transit Center | G7: 3 | H7: 15 | I7: 8.7975428 | J7: 31 | K7: 21.333333 | L7: 9.6666667 | M7: 0.453125 | N7: 17.027502 | O7: 24.743089 | P7: -7.7155869 | Q7: -0.31182796
A8: Weekday | B8: D2 | C8: 15497 | D8: 69th St Transit Center | E8: 20431 | F8: Chester Pike/Sharon Hill | G8: 55 | H8: 275 | I8: 8.4810274 | J8: 36.836364 | K8: 25.254545 | L8: 11.581818 | M8: 0.45860331 | N8: 13.814112 | O8: 20.149309 | P8: -6.3351974 | Q8: -0.31441264
A9: Weekday | B9: D2 | C9: 20431 | D9: Chester Pike/Sharon Hill | E9: 15497 | F9: 69th St Transit Center | G9: 55 | H9: 275 | I9: 8.4674695 | J9: 36.6 | K9: 25.963636 | L9: 10.636364 | M9: 0.40966387 | N9: 13.881098 | O9: 19.567682 | P9: -5.6865841 | Q9: -0.29061103
A10: Saturday | B10: D1 | C10: 15497 | D10: 69th St Transit Center | E10: 1947 | F10: Orange St/Media | G10: 35 | H10: 35 | I10: 13.878815 | J10: 49.314286 | K10: 33.2 | L10: 16.114286 | M10: 0.48537005 | N10: 16.88616 | O10: 25.082196 | P10: -8.1960362 | Q10: -0.32676709
A11: Saturday | B11: D1 | C11: 1948 | D11: Orange St/Media | E11: 15497 | F11: 69th St Transit Center | G11: 35 | H11: 35 | I11: 13.865238 | J11: 48.457143 | K11: 34.228571 | L11: 14.228571 | M11: 0.41569282 | N11: 17.168042 | O11: 24.304674 | P11: -7.1366318 | Q11: -0.29363208
A12: Saturday | B12: D2 | C12: 15497 | D12: 69th St Transit Center | E12: 20431 | F12: Chester Pike/Sharon Hill | G12: 35 | H12: 35 | I12: 8.4810274 | J12: 35.028571 | K12: 24.428571 | L12: 10.6 | M12: 0.43391813 | N12: 14.527045 | O12: 20.830594 | P12: -6.3035483 | Q12: -0.30261011
A13: Saturday | B13: D2 | C13: 20431 | D13: Chester Pike/Sharon Hill | E13: 15497 | F13: 69th St Transit Center | G13: 35 | H13: 35 | I13: 8.4674695 | J13: 36.2 | K13: 24.6 | L13: 11.6 | M13: 0.47154472 | N13: 14.03448 | O13: 20.652365 | P13: -6.6178848 | Q13: -0.32044199
... A17: Sunday | B17: D2 | C17: 20431 | D17: Chester Pike/Sharon Hill | E17: 15497 | F17: 69th St Transit Center | G17: 35 | H17: 35 | I17: 8.4674695 | J17: 34.514286 | K17: 23.714286 | L17: 10.8 | M17: 0.45542169 | N17: 14.719939 | O17: 21.423718 | P17: -6.7037793 | Q17: -0.31291391

Sheet route_shape_direction_comp
A1: route_id | B1: start | C1: start_name | D1: end | E1: end_name | F1: num_trips_per_week | G1: distance_mi | H1: avg_duration_min_new | I1: avg_duration_min_old | J1: avg_duration_min_diff | K1: avg_duration_min_diff_perc | L1: avg_speed_mph_new | M1: avg_speed_mph_old | N1: avg_speed_mph_diff | O1: avg_speed_mph_diff_perc
A2: D1 | B2: 15497 | C2: 69th St Transit Center | D2: 1947 | E2: Orange St/Media | F2: 304 | G2: 13.878815 | H2: 49.891447 | I2: 33.348684 | J2: 16.542763 | K2: 0.49605445 | L2: 16.690815 | M2: 24.970368 | N2: -8.2795529 | O2: -0.33157513
A3: D1 | B3: 15497 | C3: 69th St Transit Center | D3: 1946 | E3: Providence Rd/Media | F3: 5 | G3: 12.714802 | H3: 40 | I3: 23 | J3: 17 | K3: 0.73913043 | L3: 19.072203 | M3: 33.169048 | N3: -14.096846 | O3: -0.425
A4: D1 | B4: 15497 | C4: 69th St Transit Center | D4: 1943 | E4: Woodland Av | F4: 15 | G4: 8.8111203 | H4: 31.333333 | I4: 18.666667 | J4: 12.666667 | K4: 0.67857143 | L4: 16.872358 | M4: 28.321458 | N4: -11.4491 | O4: -0.40425532
A5: D1 | B5: 1948 | C5: Orange St/Media | D5: 15497 | E5: 69th St Transit Center | F5: 304 | G5: 13.865238 | H5: 48.519737 | I5: 33.878289 | J5: 14.641447 | K5: 0.43217788 | L5: 17.145894 | M5: 24.55597 | N5: -7.4100761 | O5: -0.30176271
A6: D1 | B6: 1949 | C6: Providence Rd/Media | D6: 15497 | E6: 69th St Transit Center | F6: 5 | G6: 12.701224 | H6: 38 | I6: 25 | J6: 13 | K6: 0.52 | L6: 20.054565 | M6: 30.482938 | N6: -10.428374 | O6: -0.34210526
A7: D1 | B7: 1952 | C7: Woodland Av | D7: 15497 | E7: 69th St Transit Center | F7: 15 | G7: 8.7975428 | H7: 31 | I7: 21.333333 | J7: 9.6666667 | K7: 0.453125 | L7: 17.027502 | M7: 24.743089 | N7: -7.7155869 | O7: -0.31182796
A8: D2 | B8: 15497 | C8: 69th St Transit Center | D8: 20431 | E8: Chester Pike/Sharon Hill | F8: 345 | G8: 8.4810274 | H8: 36.408696 | I8: 24.895652 | J8: 11.513043 | K8: 0.46245197 | L8: 13.976377 | M8: 20.43978 | N8: -6.4634029 | O8: -0.31621686
A9: D2 | B9: 20431 | C9: Chester Pike/Sharon Hill | D9: 15497 | E9: 69th St Transit Center | F9: 345 | G9: 8.4674695 | H9: 36.347826 | I9: 25.597101 | J9: 10.750725 | K9: 0.41999774 | L9: 13.977402 | M9: 19.847879 | N9: -5.8704771 | O9: -0.29577352

Sheet route_shape_direction_bus_comp
A1: route_id | B1: start | C1: start_name | D1: end | E1: end_name | F1: num_trips_per_week | G1: distance_mi_trolley | H1: distance_mi_bus | I1: avg_duration_min_trolley | J1: avg_duration_min_bus | K1: avg_duration_min_diff | L1: avg_duration_min_diff_perc | M1: avg_speed_mph_trolley | N1: avg_speed_mph_bus | O1: avg_speed_mph_diff | P1: avg_speed_mph_diff_perc
A2: D1 | B2: 15497 | C2: 69th St Transit Center | D2: 1947 | E2: Orange St/Media | F2: 69 | G2: 13.878815 | H2: 16.764192 | I2: 48.869565 | J2: 50.608696 | K2: -1.7391304 | L2: -0.034364261 | M2: 17.039826 | N2: 19.875073 | O2: -2.8352462 | P2: -0.14265338
A3: D1 | B3: 1948 | C3: Orange St/Media | D3: 15497 | E3: 69th St Transit Center | F3: 69 | G3: 13.865238 | H3: 16.263117 | I3: 47.101449 | J3: 52.652174 | K3: -5.5507246 | L3: -0.10542252 | M3: 17.66218 | N3: 18.532701 | O3: -0.87052129 | P3: -0.046972176
A4: D2 | B4: 15497 | C4: 69th St Transit Center | D4: 20431 | E4: Chester Pike/Sharon Hill | F4: 70 | G4: 8.4810274 | H4: 10.047143 | I4: 34.728571 | J4: 36.028571 | K4: -1.3 | L4: -0.036082474 | M4: 14.652536 | N4: 16.731958 | O4: -2.0794223 | P4: -0.12427848
A5: D2 | B5: 20431 | C5: Chester Pike/Sharon Hill | D5: 15497 | E5: 69th St Transit Center | F5: 70 | G5: 8.4674695 | H5: 10.379592 | I5: 35.357143 | J5: 42.385714 | K5: -7.0285714 | L5: -0.16582406 | M5: 14.369039 | N5: 14.693053 | O5: -0.32401363 | P5: -0.022052166

Sheet added_costs >

Sheet delta_opex
A1: route_id | B1: cost_per_vrh | C1: new_cost | D1: original_cost | E1: diff_cost | F1: diff_perc_cost | G1: new_cost_per_upt | H1: old_cost_per_upt | I1: diff_cost_per_upt | J1: diff_perc_cost_per_upt
A2: D1 | B2: 208.46729 | C2: 11366558 | D2: 9566164.5 | E2: 1800393 | F2: 0.18820427 | G2: 16.002024 | H2: 13.467401 | I2: 2.5346224 | J2: 0.18820427
A3: D2 | B3: 208.46729 | C3: 7188416.8 | D3: 5800677.9 | E3: 1387738.9 | F3: 0.23923737 | G3: 9.8807952 | H3: 7.9732869 | I3: 1.9075082 | J3: 0.23923737
A4: Total | B4: 208.46729 | C4: 18554974 | D4: 15366842 | E4: 3188131.9 | F4: 0.20746825 | G4: 12.90481 | H4: 10.687494 | I4: 2.2173157 | J4: 0.20746825

Sheet delta_time_costs_min
A1: route_id | B1: annual_passengers | C1: avg_trip_time_new_min | D1: avg_trip_time_old_min | E1: avg_additional_time_min | F1: added_time_cost_per_pax | G1: added_time_cost_per_pax_day | H1: added_time_cost_per_pax_year | I1: added_time_cost_total_year
A2: D1 | B2: 710320 | E2: 7 | F2: 1.4525 | G2: 2.905 | H2: 757.375 | I2: 1031739.8
A3: D2 | B3: 727514 | E3: 7 | F3: 1.4525 | G3: 2.905 | H3: 757.375 | I3: 1056714.1

Sheet delta_time_costs_max
A1: route_id | B1: annual_passengers | C1: avg_trip_time_new_min | D1: avg_trip_time_old_min | E1: avg_additional_time_min | F1: added_time_cost_per_pax | G1: added_time_cost_per_pax_day | H1: added_time_cost_per_pax_year | I1: added_time_cost_total_year
A2: D1 | B2: 710320 | E2: 9 | F2: 1.8675 | G2: 3.735 | H2: 973.76786 | I2: 1326522.6
A3: D2 | B3: 727514 | E3: 9 | F3: 1.8675 | G3: 3.735 | H3: 973.76786 | I3: 1358632.4

Sheet delta_time_costs_estimate
A1: route_id | B1: annual_passengers | C1: avg_trip_time_new_min | D1: avg_trip_time_old_min | E1: avg_additional_time_min | F1: added_time_cost_per_pax | G1: added_time_cost_per_pax_day | H1: added_time_cost_per_pax_year | I1: added_time_cost_total_year
A2: D1 | B2: 710320 | C2: 12.755181 | D2: 8.6867672 | E2: 4.0684136 | F2: 0.84419581 | G2: 1.6883916 | H2: 440.18782 | I2: 599649.17
A3: D2 | B3: 727514 | C3: 10.979511 | D3: 7.6197393 | E3: 3.3597714 | F3: 0.69715257 | G3: 1.3943051 | H3: 363.51527 | I3: 507188.25

Sheet accessibility >

Sheet jobs_comp
A1: from_id | B1: num_jobs_new | C1: num_jobs_old | D1: jobs_diff_num | E1: jobs_diff_perc
A2: Drexel Hill Junction | B2: 43397 | C2: 171463 | D2: -128066 | E2: -0.74690166
A3: Orange St/Media | B3: 28888 | C3: 34990 | D3: -6102 | E3: -0.17439268
A4: Sharon Hill | B4: 38105 | C4: 42441 | D4: -4336 | E4: -0.10216536
A5: 69th St Transit Center | B5: 545755 | C5: 554762 | D5: -9007 | E5: -0.016235791
